{"_runtime":17.571421833,"_timestamp":1.766940352327199e+09,"_wandb":{"runtime":17},"eval_loss":2.163919275254011,"_step":3,"accuracy":0.165,"train_loss":2.133045313930512,"eval_acc":0.16299999999999998,"loss":2.159597568874118}