{"_runtime":14.323124916,"train_loss":2.222925423049927,"_timestamp":1.7669403079350588e+09,"eval_loss":2.311771883070469,"eval_acc":0.09440000000000001,"_step":1,"_wandb":{"runtime":14}}