{"_timestamp":1.766940088447786e+09,"eval_loss":2.28855063021183,"eval_acc":0.09940000000000002,"_step":1,"train_loss":2.2179124938964847,"_runtime":15.636408334,"_wandb":{"runtime":15}}